,bTS,mTS,wTS,rTS
0,23.157799271880155,0.021675712711075008,3.270510268938325,0.021675712711075008
26_AT1,49.96280576941631,-0.0008159005975578233,0.6834446230324368,-0.0008159005975578233
8639_AT1,14.669423546390448,-0.008800775501043702,0.36278004488520255,-0.008800775501043702
1591_AT1,24.176499209139823,-0.0008159005975578233,0.6597103971309166,-0.0008159005975578233
1594_AT1,64.1269103523997,-0.0008159005975578233,1.8996809423231056,-0.0008159005975578233
10993_AT1,13.513275882341942,0.009138923824427918,0.3651148979613521,0.009138923824427918
6818_AT1,26.907731359981742,-0.0008159005975578233,0.7731134180226522,-0.0008159005975578233
89874_AT1,10.189021135480576,0.0016869479909049259,0.39139006688083483,0.0016869479909049259
134526_AT1,24.716649517163038,-0.0008159005975578233,0.716758349031125,-0.0008159005975578233
51_AT1,6.605086189339375,0.023676211988389435,0.7494315794136168,0.023676211988389435
95_AT1,14.651321830633368,0.004544870501771042,0.5797352518398482,0.004544870501771042
8309_AT1,14.092685040002724,-0.0008248092078631787,0.5892883083877264,-0.0008248092078631787
788_AT1,0.12577547343009415,-0.03972116449370899,0.05431571289841303,-0.03972116449370899
9194_AT1,1.2896918894038831,-0.10338860983764193,0.2416526437010838,-0.10338860983764193
6566_AT1,0.02798426153881993,-0.031709145863130124,-0.033845552311182116,-0.031709145863130124
65985_AT1,9.472023612878694,0.016495103200416646,0.39084856686887964,0.016495103200416646
438_AT1,81.38976084805022,0.012627969199034429,0.7100767894791135,0.012627969199034429
1571_AT1,8.412266199388984,-0.032259935899789365,0.42877783095247524,-0.032259935899789365
57835_AT1,13.481184822688256,-0.0052083813600872775,2.5758004729851844,-0.0052083813600872775
100_AT1,12.101389267048612,0.005574471041721473,0.35083303877119026,0.005574471041721473
8050_AT1,4.998862173313545,0.013946688357894118,0.18136209115747282,0.013946688357894118
1738_AT1,0.4608166297739836,0.032965342552984035,0.020420658467396748,0.032965342552984035
3177_AT1,0.33405728520127753,0.0034134298574152455,0.08841986012161007,0.0034134298574152455
4967_AT1,13.706210709747216,-0.042570381433266684,0.5941824807832619,-0.042570381433266684
1743_AT1,11.139084054602364,-0.008540079970469343,0.991075577270368,-0.008540079970469343
128_AT1,2.690527874195317,0.013661659915889024,0.0002748460684933795,0.013661659915889024
137872_AT1,13.235450819707925,0.02810247156521601,0.6965719435895129,0.02810247156521601
50808_AT1,2.7977999284031125,-0.03479988521565704,0.0900881595924351,-0.03479988521565704
262_AT1,20.6490772978587,-0.009801148005066948,0.6515902008868021,-0.009801148005066948
117247_AT1,2.157864625434273,0.003698344692443795,0.21785596823386155,0.003698344692443795
3242_AT1,38.41831382178817,0.0009756603469593097,0.6676156476458251,0.0009756603469593097
18_AT1,22.933728421370922,-0.03377950386118368,3.4487358361431077,-0.03377950386118368
2531_AT1,4.598970564983875,0.005636231753667807,0.3350624348172825,0.005636231753667807
23498_AT1,10.63082075477761,0.015656874547368846,-3.5418155892081553,22.189918924326538
55268_AT1,0.716136378430503,0.03126197286463391,0.09894236052823036,0.03126197286463391
51166_AT1,8.09547187537212,-0.01243584709384733,0.2555166198041093,-0.01243584709384733
2030_AT1,10.541701075394432,-0.004719896738562618,0.48654993950864367,-0.004719896738562618
883_AT1,1.2316388531753562,-0.0043279023834148205,0.06553435305531723,-0.0043279023834148205
1644_AT1,22.712141499049757,-0.0022207156526943953,0.6280772460305608,-0.0022207156526943953
64078_AT1,26.967429050834443,0.020119879781936578,0.5169875733379647,0.020119879781936578
55315_AT1,0.3905351767057576,0.007088039996866186,0.2963044339089434,0.007088039996866186
11164_AT1,7.611751014987552,0.02771249884129178,0.3030735472089612,0.02771249884129178
952_AT1,9.409749263255616,0.029308314760655905,0.2676651998114478,0.029308314760655905
533_AT1,14.094421095789196,0.003780150415976315,0.5900909534509754,0.003780150415976315
2805_AT1,4.864445319411854,0.06850583108374425,0.17513185388179203,0.06850583108374425
1374_AT1,1.160329599026654,0.012918469509911065,0.04429094322337579,0.012918469509911065
2806_AT1,1.4629422000951975,0.01863248776076315,0.24880656435650672,0.01863248776076315
8659_AT1,26.100772089283637,-0.0008159005975578233,0.702902871729034,-0.0008159005975578233
6817_AT1,16.501714348259455,3.6510821384474306e-05,0.7158267189121615,3.6510821384474306e-05
523_AT1,14.094421095789196,0.003780150415976315,0.5900909534509754,0.003780150415976315
1376_AT1,0.13650978045536852,-0.02447928549601874,0.049640529898339364,-0.02447928549601874
8992_AT1,14.094421095789196,0.003780150415976315,0.5900909534509754,0.003780150415976315
4363_AT1,16.10838689311934,-0.001016883681885249,0.5140119945353171,-0.001016883681885249
6822_AT1,9.32505317470676,-0.001628156439637376,0.4753827370792933,-0.001628156439637376
6573_AT1,1.8404669555895279,-0.018254393439734833,-0.11455368992307421,-0.018254393439734833
316_AT1,22.409648975348357,0.06694375257473043,0.6980115880338765,0.06694375257473043
10331_AT1,18.629283122995997,-0.007803032440295746,0.5242672011613609,-0.007803032440295746
51382_AT1,14.094421095789196,0.003780150415976315,0.5900909534509754,0.003780150415976315
10678_AT1,16.77068907319538,-0.013916921256258928,0.618180183955224,-0.013916921256258928
9296_AT1,14.094421095789196,0.003780150415976315,0.5900909534509754,0.003780150415976315
4125_AT1,13.439147647413302,0.01695494047866874,0.4038997173172928,0.01695494047866874
79814_AT1,15.16110418507693,-0.028242672189146868,0.5551387769905035,-0.028242672189146868
53947_AT1,20.59103286956525,0.0367046044062241,0.6237438737611227,0.0367046044062241
51146_AT1,21.75162940176281,0.0006810557108579464,0.6245893341175492,0.0006810557108579464
28_AT1,13.240028885700145,0.011982836898666999,3.2921095012191004,0.011982836898666999
206358_AT1,1.8450110565888198,-0.024335742088001447,-0.1210994764646889,-0.024335742088001447
6539_AT1,1.0100003566908313,-0.10578960570894796,0.21748082879665118,-0.10578960570894796
10449_AT1,9.258236955497765,0.059527930698973254,-0.7408141451668898,59.52228209758578
38_AT1,16.772018119217122,-0.10438825079850687,0.7612584246699883,-0.10438825079850687
64850_AT1,20.133253542758567,0.009949236284732826,0.621478295744668,0.009949236284732826
3032_AT1,0.8336817573355937,0.14884889264912785,-0.17604109486739342,15.029612843293359
293_AT1,4.221663219841563,0.020140771117954603,0.045552821497809405,0.020140771117954603
64902_AT1,23.76038070613357,-0.001561835906022897,0.6955781746673828,-0.001561835906022897
3030_AT1,0.8035320965500183,0.1921509555415069,-0.16610208460143439,18.631613443395825
189_AT1,22.70709649853163,-0.0006372251874811899,0.7534815258822514,-0.0006372251874811899
39_AT1,1.7558833273338523,0.020531042210512135,0.19030800794871042,0.020531042210512135
30_AT1,2.755673345936271,0.026176990658408242,0.04719482442793591,0.026176990658408242
32_AT1,1.2569174600890527,0.007142445795416463,0.07450820857019808,0.007142445795416463
9197_AT1,25.81201106591642,0.052625417632080895,0.6552511088188674,0.052625417632080895
4126_AT1,13.745834255114286,0.016954940478614462,0.40327382918168897,0.016954940478614462
3073_AT1,13.976323682382585,0.025151831896865987,0.4096333850674205,0.025151831896865987
3074_AT1,11.526779570000466,0.021954298817542642,2.1900977669625177,0.021954298817542642
10606_AT1,16.503095561292053,0.007255805138061891,0.6163071638933783,0.007255805138061891
8706_AT1,16.723212813403432,0.02324037007530998,0.5050854808872823,0.02324037007530998
84532_AT1,6.842697468880166,-0.056920461116908995,1.0157851430871085,-0.056920461116908995
64841_AT1,12.11638681789166,-0.006988150446286455,0.44074964892624663,-0.006988150446286455
55577_AT1,3.7435617491000333,0.012656170614202307,-0.46111355024230993,5.321508796579884
5238_AT1,2.6012803337019603,0.004586800776228606,-0.1677856472645091,1.2701153990925227
8705_AT1,18.942577069047253,0.005723203941942259,1.3929909326217038,0.005723203941942259
9487_AT1,6.832081234746226,0.0030473398407273086,0.2545312327772126,0.0030473398407273086
162417_AT1,24.688764756938014,-0.0008159005975578233,0.507471612003128,-0.0008159005975578233
6572_AT1,22.63272534940597,-0.0008159005975578233,0.7068601933746423,-0.0008159005975578233
84002_AT1,20.67775292895477,0.007370009991057819,0.5625832167606865,0.007370009991057819
570_AT1,22.93916521630503,0.023791133005200603,0.6184631189672971,0.023791133005200603
3141_AT1,11.111122042861984,-0.1963418874175192,0.6164943005145102,-0.1963418874175192
54187_AT1,21.174329672456075,0.010775502807795727,0.6533687376636886,0.010775502807795727
140679_AT1,14.862952986707292,-0.00905771110367215,-0.07416777399751731,-0.00905771110367215
26503_AT1,3.9087101296779467,0.002088353265986558,0.15537372292513577,0.002088353265986558
8424_AT1,53.15004072760122,-0.025417105630990675,2.0216799108911756,-0.025417105630990675
53630_AT1,22.560254332069764,-0.0008159005975578233,3.294172105897347,-0.0008159005975578233
36_AT1,21.443258513699607,0.12258096604248199,0.4799420240292659,0.12258096604248199
34_AT1,10.505897178632736,0.033652086820667,-0.22015071262957206,36.09538948793914
10599_AT1,23.3278595424045,-0.0005987082301621325,0.7104954431573662,-0.0005987082301621325
28976_AT1,86.71223154525805,0.017273576810698018,2.4397148886581865,0.017273576810698018
1244_AT1,15.90055441675593,0.200753146327517,-2.898833183655314,377.40362098130674
35_AT1,19.192056590430163,0.1140701907199563,0.5273409318616549,0.1140701907199563
3712_AT1,21.405834162790498,-0.07846160095692796,6.1311644606731255,-0.07846160095692796
8714_AT1,46.83310702969156,-0.0008159005975578233,2.0027383653751523,-0.0008159005975578233
1468_AT1,0.6938493133753563,0.0934544007599839,-0.11839848110701756,7.590813090196881
8402_AT1,1.1591392481018281,-0.0075312864592594845,0.10854742923866427,-0.0075312864592594845
64849_AT1,27.210772547762243,-0.0008159005975578233,0.5245527277089094,-0.0008159005975578233
645_AT1,17.982275836097255,0.0020849696648073224,0.5669141163069964,0.0020849696648073224
9488_AT1,6.832081234746226,0.0030473398406377647,0.2517507508896993,0.0030473398406377647
1610_AT1,24.468755409892644,-0.007740616408368492,0.6966010079607513,-0.007740616408368492
10380_AT1,6.325262263311952,-0.006807263187200697,0.24425221175793507,-0.006807263187200697
686_AT1,16.90604034719097,-0.16366653502125805,0.587521505509384,-0.16366653502125805
1645_AT1,25.36777219142778,-0.0008159005975578233,0.7861458209350972,-0.0008159005975578233
1109_AT1,16.492725749631294,0.0011909316584112332,0.622138987494287,0.0011909316584112332
8884_AT1,11.685481378521173,-0.013097363390838059,1.5819968016128083,-0.013097363390838059
80704_AT1,0.5152974375620389,-0.17668440279804123,-0.020080680680659255,-0.17668440279804123
51733_AT1,12.35363541324423,-0.023087774726654575,0.42213707744395906,-0.023087774726654575
7108_AT1,21.92776800375258,-0.01917413058183527,0.505935253976774,-0.01917413058183527
6718_AT1,14.216010268223176,0.0009651412162848831,0.6576240539065128,0.0009651412162848831
6510_AT1,1.6319910953803451,0.003869493189999248,0.7836394181121525,0.003869493189999248
50814_AT1,13.903869200684825,-0.012380639948221495,0.4708332451609318,-0.012380639948221495
3295_AT1,3.6082717401676057,0.0019577337829005635,0.14379945375415337,0.0019577337829005635
6307_AT1,22.450949003022345,0.003346636558758146,-0.1157093597617608,7.552240388589854
6509_AT1,1.03845174177225,0.011235450680159052,-0.13932181710047398,1.3232816733109893
1632_AT1,15.251640442650102,-0.0008289591698074525,4.5909634160336035,-0.0008289591698074525
56301_AT1,1.303317920431984,-0.1533436222318391,0.38075850543750306,-0.1533436222318391
6520_AT1,0.3741843110029293,0.000352353067731559,-0.3634729160951717,0.02599157869023712
1633_AT1,9.515024375659733,0.03415488725948623,0.3745947308057347,0.03415488725948623
1638_AT1,25.19879792024964,0.01173223185409121,3.5490238243735557,0.01173223185409121
6319_AT1,14.62860521027464,8.87634175197032e-05,0.6008158704505403,8.87634175197032e-05
9415_AT1,16.05618749943372,0.007160353489470234,0.6073514154906974,0.007160353489470234
23464_AT1,13.527627372051361,-0.03297462110132252,0.47137626441032876,-0.03297462110132252
3992_AT1,14.394315172734414,0.0007105198348305483,0.6263894945285133,0.0007105198348305483
847_AT1,0.6773720768334826,0.009600706468999472,0.038381146585011176,0.009600706468999472
1716_AT1,23.62478342897817,-0.0008159005975578233,0.7725519847911835,-0.0008159005975578233
6515_AT1,3.2296641392710552,0.03319928181916099,0.430740896142962,0.03319928181916099
166785_AT1,23.652711868092425,-0.013295405494909188,3.4372973599781727,-0.013295405494909188
59272_AT1,26.184265621482886,-0.004770744572098552,0.6924394408022317,-0.004770744572098552
6513_AT1,20.140326479321004,-0.07562833825748282,0.6389048694876284,-0.07562833825748282
55089_AT1,24.0724596643339,-0.0008159005975578233,3.4512470529751242,-0.0008159005975578233
1718_AT1,2.707481106130489,0.04799452298207193,0.08356530402519478,0.04799452298207193
1581_AT1,20.674671544389586,0.006978234564769741,3.5373310088647574,0.006978234564769741
1373_AT1,22.283253340903983,0.0006329850702694678,0.6204337315376703,0.0006329850702694678
873_AT1,0.5814242315573822,-0.002622361738539998,0.004460108203409405,-0.002622361738539998
11254_AT1,25.34081737132724,-0.0008159005975578233,0.529488051694338,-0.0008159005975578233
57393_AT1,3.1755083274201032,-0.0003881877823213679,0.7161248304501638,-0.0003881877823213679
6542_AT1,3.8329063991986403,0.31690193174475606,-2.8069763735569864,210.41916772449855
1717_AT1,21.638002204144065,0.018206255934524945,0.6091661290727035,0.018206255934524945
123099_AT1,23.1765037271309,0.0021330871590468353,3.470696190754724,0.0021330871590468353
92745_AT1,3.1588392378348193,0.009254747930946978,0.2582574083431627,0.009254747930946978
10991_AT1,3.0441603653650224,-0.12693804751350024,-0.06580346086823623,-0.12693804751350024
11309_AT1,1.9784685748543374,-0.005283401529672204,0.6133257678509884,-0.005283401529672204
1723_AT1,15.215593415708538,-0.008595871259885557,0.6670684821276157,-0.008595871259885557
10327_AT1,26.95784376781933,-0.003265674946335496,2.002731204774899,-0.003265674946335496
10390_AT1,23.128525363029468,-0.035059744238750794,0.616906737121958,-0.035059744238750794
1807_AT1,14.126780576245439,-0.027755342359131522,0.5653342696706999,-0.027755342359131522
10087_AT1,13.441798728353792,0.011413076843414357,0.6109111870725338,0.011413076843414357
6565_AT1,1.4776817151898205,0.02611740268537968,0.28027150173254367,0.02611740268537968
9023_AT1,25.76903936628022,0.016880883578043508,0.6379212645484565,0.016880883578043508
224_AT1,11.211101962920212,0.001992075136666652,0.6217803457036574,0.001992075136666652
501_AT1,2.256539166331975,0.16892875791907508,-0.08899298347774391,39.62278327266137
2224_AT1,13.500284296466718,-0.005988068806817004,0.5084254646602127,-0.005988068806817004
29958_AT1,24.668005555020535,-0.0008159005975578233,3.4544558255292004,-0.0008159005975578233
60386_AT1,0.9066752760782195,0.025587961821516413,-0.005088229533117608,2.3330169771834863
223_AT1,14.3949813066393,-0.007681353970719479,-4.998792919253187,-0.007681353970719479
162466_AT1,15.213307995686193,0.0047364809265686095,0.5920041516926273,0.0047364809265686095
84920_AT1,27.243631107545397,-0.0008159005975578233,2.1193327618452464,-0.0008159005975578233
6579_AT1,0.07695227778935608,0.004244943695219868,-0.025056241192448796,0.04330204195105289
79087_AT1,6.431091769277808,0.003047339841307572,0.254778141360283,0.003047339841307572
239_AT1,25.07550425961238,0.0002575074479737057,0.7779418926295353,0.0002575074479737057
6554_AT1,25.389758105970717,-0.0008159005975578233,0.6285544612088645,-0.0008159005975578233
8647_AT1,23.72308937986603,-0.01677966722646603,3.499332455805233,-0.01677966722646603
7299_AT1,19.26391982448661,-0.0030136506046162075,0.7034287856015136,-0.0030136506046162075
55349_AT1,26.050518259574478,0.01782011245413374,2.7303302191210097,0.01782011245413374
6531_AT1,26.102999823962378,-0.0008159005975578233,0.6364134065941454,-0.0008159005975578233
6581_AT1,14.297815354244248,0.0036488069640248652,0.5836276584453293,0.0036488069640248652
240_AT1,26.009165598276187,-0.02238661258995141,2.0782376294157454,-0.02238661258995141
23600_AT1,17.096485370409287,0.019609727428509575,0.5239081344712094,0.019609727428509575
60482_AT1,41.42381759076283,-0.0008159005975578233,0.6652942980983098,-0.0008159005975578233
6584_AT1,0.2628394822231961,-0.006377515299627484,-0.12051408842128551,-0.006377515299627484
6582_AT1,0.7439246134486227,-0.03479228031378103,-0.09530252376592101,-0.03479228031378103
6820_AT1,24.713325997934326,-0.0019308015203757984,0.6442146840785471,-0.0019308015203757984
4597_AT1,7.667131551500315,0.006591161256217343,-1.529300528031594,6.061516681804502
51071_AT1,6.323852025186836,0.0068645270385348425,0.2630327209920405,0.0068645270385348425
10948_AT1,24.499091705015626,0.007110277688607273,3.5064254289625683,0.007110277688607273
19_AT1,5.881456400042108,-0.006118139282775246,0.22244841364777906,-0.006118139282775246
1806_AT1,12.902302500772898,0.0015849259928280215,0.5604708256318308,0.0015849259928280215
290_AT1,10.979103068177201,0.004398107245505085,0.613437290473942,0.004398107245505085
7084_AT1,4.503535600652739,-6.747988917013335e-05,0.17284729036765795,-6.747988917013335e-05
3704_AT1,26.545982722654962,0.0694185155322825,2.1607153490097923,0.0694185155322825
1854_AT1,23.689520766863133,-0.0008159005975578233,0.7746873814709787,-0.0008159005975578233
27159_AT2,55.43781133403783,-0.0008159005975578233,1.9335189996532596,-0.0008159005975578233
10682_AT1,12.407303194958212,-0.01238063994835847,0.48753613397327955,-0.01238063994835847
9058_AT1,25.383529262170853,-0.0008159005975578233,2.0402313314265847,-0.0008159005975578233
1892_AT1,1.0868483528071837,0.1950426827567983,-0.19941336162028422,25.087593550929213
549_AT1,22.524807419830303,0.001984360336266252,0.6434120804293523,0.001984360336266252
11136_AT1,0.041216219867663995,0.031071370082702558,-0.056133578439530846,0.30247916106793016
6519_AT1,3.583466262935284,0.01191158196938741,-0.2381840153135904,4.552190054769367
1962_AT1,0.8818708899822585,0.2199170832442539,-0.17849035395471385,23.319155195186777
6576_AT1,0.8576301752002387,0.050525148405122865,0.015413706373270254,0.050525148405122865
1891_AT1,10.733981478575105,0.04614628399629324,0.4204200440150797,0.04614628399629324
11001_AT1,1.749816818780693,0.007032097356061898,0.10836019510185281,0.007032097356061898
5172_AT1,2.8758346608027203,-0.007918014976632073,0.778981947570422,-0.007918014976632073
10998_AT1,0.4739586245158133,-0.0003373883741354136,-0.21901190414062544,-0.0003373883741354136
113451_AT1,18.60881924124396,-0.04674979579411637,0.4694990573896759,-0.04674979579411637
9057_AT1,-0.07590806032988569,-0.0011128572569859938,0.09562948787801483,-0.0011128572569859938
384_AT1,8.377240823329092,-0.0007959851641426908,0.27966375555142015,-0.0007959851641426908
65010_AT1,25.914125745104975,-0.0008159005975578233,0.6478783325390514,-0.0008159005975578233
54675_AT1,15.494908308818152,0.00011604384037069355,0.6616805225887702,0.00011604384037069355
10257_AT1,8.910263647148737,0.01909710254905222,0.24529167642110994,0.01909710254905222
10559_AT1,11.880890996464187,0.021940636210089536,0.4824433920773302,0.021940636210089536
55907_AT1,6.327042953392001,0.003758564339601086,0.16596462800216175,0.003758564339601086
2108_AT1,6.306101978670815,-0.034919019927290774,0.2911023269014162,-0.034919019927290774
8034_AT1,8.809639027470876,0.011388148445349144,0.24629389925517492,0.011388148445349144
83884_AT1,15.496118452929053,0.004645627076756583,-0.1362409743458129,7.2622112228939155
8824_AT1,25.731215950786098,-0.0008159005975578233,2.4083576454971336,-0.0008159005975578233
410_AT1,23.35601699426886,0.023401196032465207,0.5609948286407137,0.023401196032465207
2110_AT1,16.247116450362288,-0.03336342138616612,0.5080669782480173,-0.03336342138616612
51805_AT1,46.62721801543452,-0.0006317252940257038,0.6946617836016504,-0.0006317252940257038
51004_AT1,23.16521926764515,-0.0008159005975578233,0.6281569560231771,-0.0008159005975578233
10229_AT1,46.62721801543452,0.0008035574038499816,0.6946617836015477,0.0008035574038499816
2181_AT1,47.60492292232487,-0.0008159005975578233,0.652862051920708,-0.0008159005975578233
9245_AT1,25.950055195964577,-0.006931425498816322,3.4554073302550603,-0.006931425498816322
2650_AT1,24.713325998038044,-0.0008159005975578233,0.6443617801902459,-0.0008159005975578233
9963_AT1,25.205853486408778,-0.0008159005975578233,3.29591723139531,-0.0008159005975578233
2180_AT1,4.190146850792723,5.456011825916559e-05,0.15258194754010632,5.456011825916559e-05
192134_AT1,25.950055195964577,-0.00693142549779416,3.4554073302550603,-0.00693142549779416
80150_AT1,25.02157961463785,-0.003861436579517897,0.687854811699163,-0.003861436579517897
51703_AT1,85.79128495414423,0.008291104674257225,2.0828013090590245,0.008291104674257225
6535_AT1,0.5135006077883982,-8.169506672984457e-05,-0.46834847632096066,-8.169506672984457e-05
1384_AT1,5.600081818447183,0.002152141427924768,0.21294875491129062,0.002152141427924768
116285_AT1,26.710127015214155,-0.06090183968647783,0.7305409590619295,-0.06090183968647783
6583_AT1,3.966974739895234,-0.01075035822108633,0.4580998113188075,-0.01075035822108633
5167_AT1,16.011303033731174,0.058321231346571877,0.6093723271333837,0.058321231346571877
790_AT1,21.704460082855242,-0.0037709023340632163,0.6907569298841639,-0.0037709023340632163
54677_AT1,5.605892957031936,0.08151106321372144,0.08294989493232026,0.08151106321372144
1384_AT2,6.54069497482222,0.006147947877109736,0.176205237665718,0.006147947877109736
1384_AT3,26.033899455490662,0.05228142557731707,0.6686269282416927,0.05228142557731707
1579_AT1,22.563535789283033,0.0015107900026942148,0.6888331673969811,0.0015107900026942148
2194_AT1,4.100237682056443,0.010895273010898595,0.4329238697118432,0.010895273010898595
10999_AT1,4.795223576442771,0.00335225715944552,0.17309369639438535,0.00335225715944552
527_AT1,14.094421095789196,0.003780150415976315,0.5900909534509754,0.003780150415976315
8140_AT1,0.08536918094854089,0.00445143117430864,-0.025330612127690107,0.04927725098890504
229_AT1,125.38447607653131,0.01055848116936168,-3.466360848596229,136.04691353304517
23428_AT1,4.776034106149674,0.000718344086758541,0.20466281203521827,0.000718344086758541
1036_AT1,16.30575446995187,0.007509051855645194,0.5112971451412498,0.007509051855645194
124935_AT1,9.965932335784817,-0.012092781328645361,0.1961208664297231,-0.012092781328645361
23657_AT1,25.424383956306684,-0.13495805661609048,0.7923242036998374,-0.13495805661609048
57379_AT1,25.021579614755307,0.0035372115541174617,3.4116464677094713,0.0035372115541174617
10840_AT1,16.066644287352013,-0.015105228501981293,0.6727441164846887,-0.015105228501981293
26301_AT1,21.532506204066177,0.02943781503577173,2.05999411500836,0.02943781503577173
79901_AT1,0.3123670031947188,0.01668236703923499,-0.30992456267247,1.038129630721672
197258_AT1,15.946554159540963,0.02185978362971892,0.4371833926527412,0.02185978362971892
125061_AT1,18.582098376346583,0.009643538854906276,0.5671058405411598,0.009643538854906276
4329_AT1,6.933210452316432,-0.04922193032831446,0.7885274290050754,-0.04922193032831446
51727_AT1,0.23207267286074199,-0.009304718510156126,0.008967734758548125,-0.009304718510156126
1719_AT1,1.3874506546765832,0.31205153346192094,-0.15572839260018248,48.15513881090209
129607_AT1,22.53962165109462,0.031622484794271044,0.6362038449833368,0.031622484794271044
7915_AT1,12.895673430761216,-0.029295798999514823,0.5128606180867996,-0.029295798999514823
2356_AT1,0.4240491895150117,0.005374422191508801,0.36284050795847,0.005374422191508801
2731_AT1,0.4412966016639909,0.019196967326364917,0.006881864697473025,0.019196967326364917
275_AT1,1.1156302519781969,0.045861047835674545,-0.017569853044103044,5.196974422381912
2653_AT1,0.4412966016639909,0.019196967326364917,0.006881864697473025,0.019196967326364917
2651_AT1,41.92731636616209,0.010173902338031266,0.6556870401116874,0.010173902338031266
6518_AT1,1.6777150274463994,-0.014969810824919789,0.1964981434813556,-0.014969810824919789
55343_AT1,25.245507011579104,0.030841642066236994,0.6364487468217175,0.030841642066236994
7264_AT1,21.16970712474339,0.004240712413793172,0.6212617185312959,0.004240712413793172
8836_AT1,2.3976194383689093,0.0014904840604515915,0.11082004475073022,0.0014904840604515915
79017_AT1,18.019124388379772,-0.0009203023514336261,0.6126133554198225,-0.0009203023514336261
2519_AT1,26.27615246793427,-0.0008159005975578233,0.6446630356201638,-0.0008159005975578233
2517_AT1,15.772447593145765,0.021859783629471212,0.4519458355051154,0.021859783629471212
2184_AT1,36.40414793296467,-0.0030640373756750583,3.356032874236203,-0.0030640373756750583
2271_AT1,15.273796216301493,-0.0021762501178343554,0.6385196066987213,-0.0021762501178343554
2523_AT1,17.601884613025188,0.007419938985751797,2.1897023224676033,0.007419938985751797
2525_AT1,21.80028353662955,-0.0002936433769447406,3.5046924316251635,-0.0002936433769447406
2687_AT1,40.27653206134625,-0.004403473246115115,2.2159311513925593,-0.004403473246115115
10690_AT1,12.44809995614897,0.011857739410356791,0.7106958879564436,0.011857739410356791
9334_AT1,22.990673616875657,-0.006305718972032665,0.6383797286755226,-0.006305718972032665
2717_AT1,21.811316504219956,0.004455216758247027,0.5320216813774662,0.004455216758247027
2632_AT1,14.915840450487716,-0.007125709543345135,0.5973211371453526,-0.007125709543345135
2820_AT1,7.425275054609352,-0.01346295281639526,0.3001510716555401,-0.01346295281639526
5832_AT1,9.074187238534002,0.011601091983858107,0.22165223901206146,0.011601091983858107
2990_AT1,4.701758935204809,-0.0001824206428278098,0.21354855637815442,-0.0001824206428278098
9563_AT1,2.3968592553500914,-0.02043301209357307,0.12033885250987636,-0.02043301209357307
3290_AT1,23.094106496522485,-0.0008159005975578233,0.6581716673376403,-0.0008159005975578233
2539_AT1,0.7889039116168353,-0.0031209639817031966,0.05847887613422903,-0.0031209639817031966
3291_AT1,1.1723267385951264,0.0017151830933149704,0.22397979564282117,0.0017151830933149704
26035_AT1,21.000127257289538,0.008461751667402763,0.6832573547726661,0.008461751667402763
2542_AT1,1.3857789443771829,-0.011520387394834472,0.10470368491646986,-0.011520387394834472
3294_AT1,25.25515530451286,0.005929919363492263,0.7327811467150399,0.005929919363492263
2131_AT1,25.490834317831236,0.008461751661679298,2.210239213473399,0.008461751661679298
51478_AT1,14.957532040133673,0.007386895483526004,3.1283115206190186,0.007386895483526004
9514_AT1,24.50218646374049,0.0017899749963404062,0.6019192908981765,0.0017899749963404062
3283_AT1,23.94036784602344,-0.0008159005975578233,0.6321915305924971,-0.0008159005975578233
2720_AT1,6.767584571973324,0.01030953279181752,0.2211873101712644,0.01030953279181752
3284_AT1,25.186256707043043,-0.0031971935611372283,0.6487864970669801,-0.0031971935611372283
4758_AT1,12.389664350521837,0.018019399502192272,0.3481255280483796,0.018019399502192272
80270_AT1,14.42611074668169,0.016468790948152068,0.6555647991401083,0.016468790948152068
57026_AT1,15.010289702815477,0.040188622241257285,0.5709365141180474,0.040188622241257285
5476_AT1,5.482249503539996,0.011383977877918327,1.083006907849957,0.011383977877918327
2588_AT1,12.389664350521837,0.018019399502192272,0.3481255280483796,0.018019399502192272
2581_AT1,25.234140403108547,0.031805048426751595,0.7184246838572288,0.031805048426751595
4669_AT1,58.644436631665236,-0.003801110893692096,4.232969308363939,-0.003801110893692096
2583_AT1,14.493414014330211,0.004724393845254158,0.481302065384208,0.004724393845254158
3419_AT1,1.1362425130593605,0.020731210341480174,-0.04127005582213469,2.4411260745218937
3417_AT1,9.103193493684863,-0.013602423500657417,0.3642846709079114,-0.013602423500657417
3418_AT1,0.9019953454345622,0.012472234071617756,0.013874011871026779,0.012472234071617756
3425_AT1,24.647574786430525,0.019727822601950287,0.6443914060750421,0.019727822601950287
6523_AT1,0.2742758413416491,0.05533831902075428,-0.2264654516179076,2.771018141666093
587_AT1,5.407738652997874,0.04351863937705286,0.5258934848541883,0.04351863937705286
8501_AT1,0.10696533977216095,-0.009964694933741258,-0.1103004972306809,-0.009964694933741258
55586_AT1,54.89920386591084,-0.019813757718461937,0.6389956985462362,-0.019813757718461937
114134_AT1,2.8686319983171056,-0.0024559961153705944,-0.28263270381990474,-0.0024559961153705944
6526_AT1,2.293594238268943,0.004864976902038108,0.027957447627502255,0.004864976902038108
178_AT1,22.092764689181003,-0.0014383976725205144,3.500948024816482,-0.0014383976725205144
126792_AT1,11.433416567174854,0.007227510904768289,0.4314918002067407,0.007227510904768289
160728_AT1,8.253586319842633,0.030266805749834997,0.2224005252649504,0.030266805749834997
8801_AT1,5.7664374159171405,-0.0036928615064110116,0.2030851893571111,-0.0036928615064110116
11285_AT1,11.433416567174854,0.007227510905216201,0.4314918002067407,0.007227510905216201
8802_AT1,2.7185937544106644,-0.005564984449646074,0.13756654161978923,-0.005564984449646074
2729_AT1,12.825953264255157,-0.007319564258222236,0.5229886298809922,-0.007319564258222236
8972_AT1,1.8056936556262082,0.04649560800872173,0.16950131814537628,0.04649560800872173
2618_AT1,16.503095561292053,0.007255805206710889,0.6163071638933783,0.007255805206710889
2730_AT1,12.825953264255157,-0.007319564258222236,0.5229886298809922,-0.007319564258222236
8803_AT1,2.66627645554037,-0.005571263218757971,0.34613500205684555,-0.005571263218757971
175_AT1,15.675200955940205,0.01788402232411777,0.4276523536456655,0.01788402232411777
10841_AT1,26.372212861067155,-0.0007454006201607553,-3.4795552406915773,-0.0007454006201607553
3795_AT1,15.966628938065025,-0.0008159005975578233,1.923092445503513,-0.0008159005975578233
1629_AT1,3.317268095597398,0.0616335288805605,0.03765402627172159,0.0616335288805605
594_AT1,6.928183887721305,0.04213434719655404,0.22932587899885373,0.04213434719655404
27165_AT1,18.15468136840097,0.018299200660481737,0.5613612530344518,0.018299200660481737
8564_AT1,21.92189411591062,0.0063098487267373065,0.646166172127819,0.0063098487267373065
593_AT1,3.317268095597398,0.061633528880519914,0.03765402627172159,0.061633528880519914
26873_AT1,16.70684622934216,-0.0011514883451872048,0.5913438487733839,-0.0011514883451872048
4942_AT1,4.742179750519445,-0.0044569388824305745,0.1678432035652993,-0.0044569388824305745
2639_AT1,28.86444651089166,-0.009493454929591834,0.6711021613685336,-0.009493454929591834
3931_AT1,0.4301738327466442,0.02339724701960007,0.32742442336732897,0.02339724701960007
7372_AT1,21.453945268421272,-0.0010803978235411512,0.6461908927084008,-0.0010803978235411512
387775_AT1,0.21419406363395593,-0.003996304906157211,0.022817164252899588,-0.003996304906157211
124637_AT1,12.556905148981203,-0.008158038251393288,0.5408336515948355,-0.008158038251393288
10861_AT1,7.65351807717548,-0.027467255924281102,1.0680051116613982,-0.027467255924281102
366_AT1,2.4997041454393005,0.005094649677819727,0.032164791016458937,0.005094649677819727
1583_AT1,170.99180836979124,-0.050539280077094524,0.6759516865963746,-0.050539280077094524
2628_AT1,15.148788365178119,0.008542813877916113,0.6038041629770423,0.008542813877916113
1584_AT1,18.190776356575046,-0.012741516997690425,0.7266652001879695,-0.012741516997690425
1585_AT1,59.266865346729475,-0.004709151613488681,2.217825818269139,-0.004709151613488681
11283_AT1,25.811728368570737,-0.015604685929126864,0.6918978752554693,-0.015604685929126864
9380_AT1,6.142173881973278,-0.009995975292627841,0.5329249263511167,-0.009995975292627841
1586_AT1,27.38390706228605,0.0027051134192742957,0.6496058306954444,0.0027051134192742957
4047_AT1,12.585141490188585,-0.011023774046348283,0.4838328138834676,-0.011023774046348283
1576_AT1,62.49846618263506,-0.0005667115255423989,0.64341942388945,-0.0005667115255423989
51268_AT1,37.264233012756456,-0.005151600709374387,2.979875606633861,-0.005151600709374387
3029_AT1,10.53540555609447,-0.0031966379637638808,0.4088749015135921,-0.0031966379637638808
1589_AT1,24.348607560129853,-0.0014112730892757257,3.496344626225376,-0.0014112730892757257
1593_AT1,6.512417267880697,-0.008780294779018975,0.8138262135863039,-0.008780294779018975
3990_AT1,24.432825785385095,0.0005782829083642649,0.6545473338297917,0.0005782829083642649
4023_AT1,16.345302299763816,-0.0008159005975578233,1.9948724628866839,-0.0008159005975578233
5226_AT1,0.7994213088561989,-0.008360609021548162,0.018451603628545105,-0.008360609021548162
1562_AT1,23.579307562429253,-0.0008159005975578233,0.7331393402271834,-0.0008159005975578233
27232_AT1,25.00900621789013,-0.012215506130801116,0.6249115043496285,-0.012215506130801116
1558_AT1,38.020519016752544,0.11819936408526809,0.6089581819045835,0.11819936408526809
50487_AT1,21.171845869689932,-0.0008159005975578233,0.6532433518988382,-0.0008159005975578233
284098_AT1,6.832081234746226,0.0030473398406973056,0.2545312327772126,0.0030473398406973056
1559_AT1,17.90714220111747,-0.006426475574754652,2.263802426620518,-0.006426475574754652
80055_AT1,31.7442382713839,0.00367725274394694,0.6002105043056575,0.00367725274394694
93183_AT1,6.832081234746226,0.0030473398406847866,0.2545312327772126,0.0030473398406847866
9227_AT1,25.53344330863112,-0.02940392977006989,0.6768826306613958,-0.02940392977006989
1565_AT1,23.7145290693734,8.750920331985926e-05,0.6564213845835895,8.750920331985926e-05
54965_AT1,6.832081234746226,0.0030473398406847866,0.2545312327772126,0.0030473398406847866
1572_AT1,28.800921664644438,0.0010718733526012168,3.2440976856583146,0.0010718733526012168
51302_AT1,23.532590707500358,0.01316972300860226,0.6816802131058954,0.01316972300860226
2936_AT1,0.9613278683485289,0.01748183064570682,0.24519364384424217,0.01748183064570682
6309_AT1,14.437020408088056,0.012724568842399928,0.6645956184284106,0.012724568842399928
4048_AT1,22.694197746574073,-0.040736049398435975,0.7082839014790937,-0.040736049398435975
1577_AT1,24.281493778352992,-0.0008159005975578233,0.6682484103688179,-0.0008159005975578233
4056_AT1,27.737545152571307,-0.0008159005975578233,0.701856972269217,-0.0008159005975578233
1551_AT1,25.914803963880235,-0.0008159005975578233,0.6751393126667989,-0.0008159005975578233
10858_AT1,22.263912090739023,0.014084432339374507,0.6464652524353991,0.014084432339374507
66002_AT1,23.37972075839632,-0.001123620380417703,1.8836666183139414,-0.001123620380417703
8529_AT1,21.312809477517998,0.006168792736393994,0.8101510083216096,0.006168792736393994
4051_AT1,21.312809477517998,0.006168792736393994,0.8101510083216096,0.006168792736393994
9420_AT1,24.90317702490168,0.013651606031708298,0.6421153746890652,0.013651606031708298
1582_AT1,21.6958393590159,0.002487880116412846,0.6352951770462731,0.002487880116412846
2548_AT1,25.103730855371317,-0.07024798502857932,0.6469369564052827,-0.07024798502857932
2937_AT1,17.55068033062813,-0.010910233480517862,0.5297847717894417,-0.010910233480517862
64087_AT1,21.3643866572863,-0.0014088919510241867,0.5861227112841358,-0.0014088919510241867
7941_AT1,14.558066990015393,0.0002548465387186237,3.3867983164771553,0.0002548465387186237
56922_AT1,21.3643866572863,-0.0014088919510241867,0.5861227112841358,-0.0014088919510241867
23417_AT1,5.346085178216391,0.01802657840368438,1.5173938912252802,0.01802657840368438
347734_AT1,7.673621962134108,0.016042093957817954,0.37262100317878794,0.016042093957817954
57194_AT1,15.447477269418489,0.0020473191910162845,0.6251192205553505,0.0020473191910162845
5337_AT1,13.851000602241315,0.0031539271177764643,0.6400527961579823,0.0031539271177764643
4357_AT1,44.687568210054295,-0.0004796013162357576,0.7992258012416616,-0.0004796013162357576
5338_AT1,6.1065808957738845,-0.0008791795636591315,0.2717398191769687,-0.0008791795636591315
130013_AT1,55.80111508054501,-0.0051721755985441945,0.6543396256755815,-0.0051721755985441945
4200_AT1,0.5025532701585895,0.0015610216594898344,0.35879824596383025,0.0015610216594898344
4199_AT1,7.175653172011517,0.0023880490318909536,0.24583738885671508,0.0023880490318909536
3620_AT1,21.264489583696783,-0.0008159005975578233,3.2739018019095107,-0.0008159005975578233
1557_AT1,25.729406110522824,-0.0008159005975578233,0.631780018793154,-0.0008159005975578233
9615_AT1,16.921037073440708,0.02015089137579552,0.49131285170842737,0.02015089137579552
4548_AT1,19.704914668766463,0.005152739469124754,0.49803605600771306,0.005152739469124754
4598_AT1,7.667131551500315,0.006591161256094866,-1.529300528031594,6.061516681691866
23556_AT1,26.303806547588177,-0.0008159005975578233,1.9012148896762722,-0.0008159005975578233
55650_AT1,6.832081234746226,0.003047339840685866,0.2517507508896993,0.003047339840685866
343_AT1,15.459461412252258,0.0010905744346683872,0.6377297694742843,0.0010905744346683872
10846_AT1,24.736592750933998,0.026357742204142533,2.145165324759016,0.026357742204142533
3628_AT1,18.8960412051076,-0.007456904896648846,0.6344515279171776,-0.007456904896648846
54872_AT1,24.968436056320797,-0.0014151797998521018,0.7206156792657441,-0.0014151797998521018
80235_AT1,14.628728348181546,-0.0005202169653845011,0.49843634393700087,-0.0005202169653845011
94005_AT1,7.345977891173819,0.0030473398407002694,0.2526171221582406,0.0030473398407002694
128869_AT1,7.345977891173819,0.0030473398407002694,0.2526171221582406,0.0030473398407002694
51477_AT1,15.384614394983497,0.007828158404286465,0.6425042487258653,0.007828158404286465
10026_AT1,7.345977891173819,0.0030473398407002694,0.2526171221582406,0.0030473398407002694
51604_AT1,7.345977891173819,0.0030473398407002694,0.2526171221582406,0.0030473398407002694
2595_AT1,21.310756435166397,-0.005178888847503863,2.0982705673700823,-0.005178888847503863
84693_AT1,24.702202893402323,0.002000931408710576,0.6322178384041142,0.002000931408710576
8733_AT1,7.345977891173819,0.0030473398407002694,0.2526171221582406,0.0030473398407002694
4594_AT1,47.346178747378595,-0.001980927395104763,2.0128973673208725,-0.001980927395104763
3033_AT1,1.071654838885982,0.1844114813009007,-0.19297127921451465,23.321157573072036
4507_AT1,12.908869414045155,-0.05826460009692602,0.6726827409968865,-0.05826460009692602
27235_AT1,46.62721801543452,-0.001346301694621128,0.6925175182094252,-0.001346301694621128
6521_AT1,26.76754876507437,-0.034721960555723165,0.6747400894944104,-0.034721960555723165
10797_AT1,25.521334598004994,-0.005029496062823789,0.6645759996518422,-0.005029496062823789
56913_AT1,22.90695119299199,0.03139545921206234,0.603475730676684,0.03139545921206234
91703_AT1,19.614337920723763,-0.0008159005975578233,0.6570177164022228,-0.0008159005975578233
4668_AT1,14.693982312090233,0.016335775345580384,0.46773880847081656,0.016335775345580384
6528_AT1,1.7616604805434395,0.001219914587954795,-0.17202082121783865,0.2358926028474001
3081_AT1,23.7202764851197,-0.00298970096891585,0.6662316898181655,-0.00298970096891585
11112_AT1,5.352822619555718,0.051262880895244944,0.0715166677589575,0.051262880895244944
496_AT1,13.464559758434053,-0.011446989165019239,0.7550899492685844,-0.011446989165019239
495_AT1,13.464559758434053,-0.011446989165019239,0.7550899492685844,-0.011446989165019239
6559_AT1,9.685247770213133,0.011476682946003042,2.1647501944718432,0.011476682946003042
8942_AT1,0.6036788388839528,0.013146340510558166,0.4208731185941445,0.013146340510558166
5152_AT1,25.76047493993698,-0.0008159005975578233,0.6245777508452967,-0.0008159005975578233
5162_AT1,6.23991140522781,0.012497179770025346,0.17084154561916567,0.012497179770025346
3157_AT1,1.6965759122838675,0.020521525032510583,0.019281604192585854,0.020521525032510583
1737_AT1,1.858625856348041,0.039751241861029074,0.007991121692418135,0.039751241861029074
3158_AT1,22.61286443827655,-0.016067307912307253,0.6434129335267604,-0.016067307912307253
55163_AT1,15.001852814341404,-0.016025489218646022,0.6077871012626384,-0.016025489218646022
5105_AT1,23.967110576549352,-0.0008514369556863337,0.6471972943145156,-0.0008514369556863337
3155_AT1,3.200329510024617,0.0013389844575558835,-0.17497000855100403,0.4519473594968613
79077_AT1,42.82074925972847,-0.005309131774062388,0.6571174947848887,-0.005309131774062388
8310_AT1,13.433082539727053,0.009470139117679799,0.5302698674809402,0.009470139117679799
9583_AT1,6.604659009268552,-0.04219981517209323,0.28344855870369906,-0.04219981517209323
26062_AT1,25.734982203577363,0.005083570805815752,0.6677155825079496,0.005083570805815752
5833_AT1,13.104274699555962,0.07220751141331441,1.6226290793826443,0.07220751141331441
1841_AT1,18.13897235075505,0.06291223126538424,0.6091997862190873,0.06291223126538424
6448_AT1,58.644436631665236,-0.003801110895750721,4.232969308363939,-0.003801110895750721
10400_AT1,0.3866246241138258,0.0020412809176654986,0.3751413528396786,0.0020412809176654986
26227_AT1,5.424459628494702,0.10115701474230611,0.29997601428304194,0.10115701474230611
4831_AT1,1.1013713993312215,-0.0961023409432086,0.29429476039713215,-0.0961023409432086
4833_AT1,11.205561298107952,-0.07243196601785708,0.4938845634172189,-0.07243196601785708
5740_AT1,19.579611088207976,-0.0008159005975578233,3.6949179751203465,-0.0008159005975578233
114971_AT1,6.370998949873229,0.036330827463199114,0.13592571870164769,0.036330827463199114
349565_AT1,19.141111902270403,-0.00018507774628043363,-3.426743157220137,-0.00018507774628043363
9489_AT1,4.745913721371881,0.057446168283163825,0.1408926813842607,0.057446168283163825
64802_AT1,24.190309027097474,-0.0008159005975578233,1.9641844610324346,-0.0008159005975578233
10135_AT1,12.055679348430635,-0.010833539018106325,0.4100636646838783,-0.010833539018106325
5053_AT1,18.534830461503486,-0.0037576467756769,0.5476333553135883,-0.0037576467756769
5283_AT1,6.832081234746226,0.0030473398406542134,0.2545312327772126,0.0030473398406542134
5264_AT1,12.757994943256433,0.004417881457280514,0.4937678605962463,0.004417881457280514
4837_AT1,26.686588560596608,-0.0008159005975578233,0.5084876147708347,-0.0008159005975578233
5409_AT1,13.40776645797378,0.008711743389628898,1.9550237811673754,0.008711743389628898
5728_AT1,39.236270248647244,0.0012819372521600677,0.615389688110907,0.0012819372521600677
4860_AT1,2.613381099671716,-0.04938883317412887,0.19381984219083728,-0.04938883317412887
6580_AT1,1.2572024035000362,0.014223232980588777,0.027797992270949014,0.014223232980588777
55808_AT1,23.54446675814257,0.020577815575305206,0.6875211181626363,0.020577815575305206
56953_AT1,4.466041387438139,0.0016721392129754183,0.17812110677299847,0.0016721392129754183
4907_AT1,0.8930437608280037,0.005733337356932764,1.9957580355882618,0.005733337356932764
6476_AT1,24.30078350032858,-0.0008402554196735156,0.6252290864942311,-0.0008402554196735156
5009_AT1,14.01432666745011,0.0002748757483429981,0.45966369859951267,0.0002748757483429981
6489_AT1,14.182124025864743,0.029022758557601072,0.44032069262434753,0.029022758557601072
29906_AT1,21.08738341122275,0.02347806749441791,0.5922220213978658,0.02347806749441791
10654_AT1,7.667131551500315,0.006591161256251965,-1.529300528031594,6.061516681836341
412_AT1,15.676385112511397,-0.0010820067022535263,0.5519959705676134,-0.0010820067022535263
6391_AT1,3.8752539640184214,0.10959533778288763,0.06048560398790119,0.10959533778288763
6392_AT1,3.8752539640184214,0.10959533778288763,0.06048560398790119,0.10959533778288763
6390_AT1,3.8752539640184214,0.10959533778288763,0.06048560398790119,0.10959533778288763
6389_AT1,3.8752539640184214,0.10959533778288763,0.06048560398790119,0.10959533778288763
6821_AT1,45.07133887010409,-0.01935822979741371,0.6652086431192822,-0.01935822979741371
6533_AT1,0.587932599449782,0.06699424308710884,-0.3723174418161536,6.433122468897639
8876_AT1,25.104337613769065,0.00899726283735036,0.6821197597258738,0.00899726283735036
79178_AT1,23.49074405510321,-0.004690352223406498,0.757068555306403,-0.004690352223406498
6567_AT1,5.692662804048528,0.0016990847675675375,0.22779934264426466,0.0016990847675675375
1890_AT1,0.6525110832759542,-0.01327650829145736,0.06792323539688071,-0.01327650829145736
9365_AT1,5.655652173095114,0.0055412064233743485,0.9048404501705744,0.0055412064233743485
9331_AT1,24.342943337588945,0.023662574212852703,2.0162787356094287,0.023662574212852703
55217_AT1,-1.0806135160249006,-0.007155624939742723,2.721735063788811,-0.007155624939742723
5315_AT1,25.83402951810443,-0.0008159005975578233,1.9663374287689936,-0.0008159005975578233
8611_AT1,54.424962786371,-0.0018076637919186946,3.8267885316235057,-0.0018076637919186946
26063_AT1,5.968417163151059,0.02622194094076657,0.23067528838731574,0.02622194094076657
1666_AT1,11.778684279362558,0.026751841365107748,0.3886314164161509,0.026751841365107748
5498_AT1,22.462068606494707,-0.0012874678111542345,0.7428919170107624,-0.0012874678111542345
11181_AT1,56.62364247868577,-0.0008159005975578233,6.007232772865913,-0.0008159005975578233
10901_AT1,1.4415512203661602,-0.02087846567830083,0.29924268911903124,-0.02087846567830083
2053_AT1,26.108836821121734,0.005818568231300066,3.813872872074934,0.005818568231300066
4353_AT1,24.31092621032058,-0.0008159005975578233,-3.495607479802672,-0.0008159005975578233
5625_AT1,13.362696168989808,-0.008428568571141925,0.6254460629988053,-0.008428568571141925
9152_AT1,22.590137514076734,-0.0008159005975578233,0.7208801902587852,-0.0008159005975578233
6578_AT1,0.10975379259383777,0.010066872310799174,-0.07321198313725544,0.18418931015312337
6561_AT1,25.022256253696515,-0.0008159005975578233,0.7166730528627758,-0.0008159005975578233
9497_AT1,6.75996966111785,0.0071280026239282784,-1.0339470004489582,5.5555058414326535
115584_AT1,0.45336872469849154,0.002218918606271089,-0.11486979088153243,0.12608750150203796
6916_AT1,47.7531684868788,-0.0008159005975578233,0.7315078199038202,-0.0008159005975578233
23761_AT1,21.953247081465538,0.004646226575885918,0.6707728993165868,0.004646226575885918
142680_AT1,26.09511336980104,-0.0008159005975578233,0.7777832230104643,-0.0008159005975578233
7054_AT1,82.58363101192514,-0.0008159005975578233,3.702729486073766,-0.0008159005975578233
9791_AT1,22.894274338622413,0.022348768341059335,0.5941021299204119,0.022348768341059335
6534_AT1,2.0231942679497434,0.010283645031138966,-0.6405511846859997,2.7393012688216576
81490_AT1,15.315723385417126,-0.004283974016277995,0.5759891580412143,-0.004283974016277995
3293_AT1,25.734198552415407,-0.0006322754754029555,3.4732249463646725,-0.0006322754754029555
1622_AT1,0.6607722743735607,0.02677434077831719,0.12469055219094985,0.02677434077831719
225_AT1,20.050719411428652,0.014519386904120924,1.883548702513513,0.014519386904120924
7306_AT1,53.234592697132314,0.002287900861794447,0.7243175127424596,0.002287900861794447
10005_AT1,22.72400704685627,-0.0016286246237919855,0.6107270707549448,-0.0016286246237919855
10965_AT1,15.27126269201201,0.010284132379559153,0.8470879192734094,0.010284132379559153
10020_AT1,0.7647550803289621,0.012723865582344285,0.5638238043168136,0.012723865582344285
5805_AT1,16.423749889155523,0.021181439811662782,0.6465830108264687,0.021181439811662782
26061_AT1,14.340844044189927,0.0006440517450372417,0.7202974654206288,0.0006440517450372417
29880_AT1,28.9097897521474,-0.0008159005975578233,0.7467226852507031,-0.0008159005975578233
54716_AT1,2.783727798652751,-0.00010482805670735411,0.7597619609024848,-0.00010482805670735411
7355_AT1,7.759018578862723,-0.02512700738951436,0.7300886968973834,-0.02512700738951436
6564_AT1,25.785805349399674,-0.0012806766762433657,1.932018304196259,-0.0012806766762433657
8566_AT1,23.07145887992967,-0.025718337059346154,0.585073009658464,-0.025718337059346154
113235_AT1,3.247830809491187,0.019962584807755576,0.7015371252092748,0.019962584807755576
1200_AT1,52.492306090481286,-0.0005676484765014658,0.6621652496499146,-0.0005676484765014658
2168_AT1,13.711885477646478,0.017888848207611413,0.5714571339026111,0.017888848207611413
7358_AT1,2.2305423267755633,-0.003681802445692949,0.23118231953275895,-0.003681802445692949
23169_AT1,14.395217532554147,0.0023531748420767525,0.5466239866279833,0.0023531748420767525
51056_AT1,25.26493417147607,-0.0008159005975578233,3.278114445939806,-0.0008159005975578233
9390_AT1,11.770538999809407,-0.027488966860797725,0.6089382978487772,-0.027488966860797725
80146_AT1,13.468934329331356,0.007227510904698758,0.396705763873017,0.007227510904698758
5184_AT1,13.008824716739232,-0.00587057994538737,0.5999780487780143,-0.00587057994538737
4891_AT1,14.186477467037163,0.0007774683771076247,0.6088347729002325,0.0007774683771076247
30061_AT1,15.159596196814995,0.005974519790049924,0.5774867093526432,0.005974519790049924
84912_AT1,21.93418615995907,-0.0009731752241862968,0.6928523392250703,-0.0009731752241862968
64080_AT1,27.93043683272623,-0.0008159005975578233,0.7673358056063608,-0.0008159005975578233
4524_AT1,7.643048407569376,0.17293050445804575,0.7583589589957317,0.17293050445804575
25796_AT1,0.9414744362964282,-0.003446774195733302,0.0668743857149453,-0.003446774195733302
5959_AT1,0.4851026717306952,-0.00029534238584663484,0.06667586054850286,-0.00029534238584663484
7357_AT1,14.968264665505394,0.05975635695111009,0.5744682348029699,0.05975635695111009
11046_AT1,9.638318800699599,0.008142843696804592,0.3493522139018762,0.008142843696804592
54576_AT1,24.73648058556966,-0.0005410865785024095,0.7362552453219592,-0.0005410865785024095
54575_AT1,26.94798043478068,-0.0008159005975578233,0.6635782456058028,-0.0008159005975578233
10864_AT1,0.9393393475213925,0.004246913647427094,0.09318501907974279,0.004246913647427094
9356_AT1,22.818774141267877,0.047042765528462434,2.088249775615658,0.047042765528462434
9376_AT1,9.217638860192972,0.12804100787114922,0.32838657448884007,0.12804100787114922
50700_AT1,26.10295822987345,-0.0006352359214858937,0.748569213573443,-0.0006352359214858937
54658_AT1,5.585395507693525,0.00555203147252221,0.22640276876572207,0.00555203147252221
348932_AT1,24.47727916718457,-0.0008159005975578233,0.7563857603770947,-0.0008159005975578233
120103_AT1,9.478065039391751,-0.007353242011130668,1.9573748981553913,-0.007353242011130668
1080_AT1,19.71319445364025,0.010155415114690855,1.0214873094011854,0.010155415114690855
85320_AT1,9.898568534343928,0.001813955840466975,0.6137612626121922,0.001813955840466975
222962_AT1,0.5094428686511496,0.015186321834710345,-0.08159854570857586,0.8975745136109183
8228_AT1,24.606088265993904,0.00832842290621143,0.6759051658493359,0.00832842290621143
113278_AT1,23.920521826541442,0.010943645334777076,0.6305609179963041,0.010943645334777076
10351_AT1,13.798281257609291,-0.0075564855427886326,0.6299952108431338,-0.0075564855427886326
54981_AT1,13.702864075745946,0.08239169014391025,0.623967997920122,0.08239169014391025
9429_AT1,11.847251639674013,-0.06253438565580298,0.6090286745324901,-0.06253438565580298
55867_AT1,49.22859330290371,-0.0008159005975578233,0.7039328448400989,-0.0008159005975578233
54490_AT1,38.255872559527255,-0.0008159005975578233,3.2999924424752027,-0.0008159005975578233
6483_AT1,16.64983802147326,-0.004454895346416348,0.6047121901355835,-0.004454895346416348
21_AT1,9.566513955902407,0.04077979783314888,0.3237677990804866,0.04077979783314888
24_AT1,21.45040173399596,-0.0008159005975578233,0.6354375057257058,-0.0008159005975578233
7498_AT1,10.684297931072699,0.0454891298385488,0.3719497880684102,0.0454891298385488
10090_AT1,59.84595898324644,0.03628482327004085,0.6537816235619179,0.03628482327004085
9653_AT1,14.110503411611868,0.008461751666008656,3.3952331729417375,0.008461751666008656
9942_AT1,18.115109981994067,-0.0373030255640565,0.586140026493819,-0.0373030255640565
51181_AT1,0.8416744886512936,0.012098991988511281,0.06888749692527227,0.012098991988511281
64220_AT1,23.14596750668299,0.007918500189231166,0.6386177631482809,0.007918500189231166
10724_AT1,28.902831393085865,-0.0008159005975578233,3.6430026611710407,-0.0008159005975578233
5950_AT1,23.14596750668299,0.007918500189231166,0.6386177631482809,0.007918500189231166
1356_AT1,4.8553757922529925,0.28774890822982424,-21.070749750355613,746.0214319514986
29881_AT1,21.909189776276026,0.0006414226808809301,1.5631562886912063,0.0006414226808809301
949_AT1,18.409748700890315,0.0006330875897479955,0.7204148405610539,0.0006330875897479955
3248_AT1,17.40490694335107,-0.000874410517092448,0.7814629034888453,-0.000874410517092448
166929_AT1,25.05043588048844,0.044393252889355035,0.6362984632312018,0.044393252889355035
56261_AT1,26.695609822474868,-0.0008159005975578233,0.6048875274946213,-0.0008159005975578233
80347_AT1,19.93793582742883,0.019509096455467903,0.5547030331562519,0.019509096455467903
51251_AT1,24.89945917707024,0.03532759654316203,0.5797892208263936,0.03532759654316203
353_AT1,8.450600339583588,0.005492096954908139,0.3046124667322807,0.005492096954908139
11212_AT1,23.706029063481747,0.0020840303525948042,0.693983120793109,0.0020840303525948042
3251_AT1,10.274090910514659,0.004855785071988118,0.3558048113343959,0.004855785071988118
1371_AT1,15.040480544195036,0.0008754842712474832,0.5885609617543387,0.0008754842712474832
56954_AT1,23.325462755162288,-0.0034639401714690542,0.6345840472048366,-0.0034639401714690542
5313_AT1,26.57808060855077,-0.006837950019488053,3.695898273459839,-0.006837950019488053
2987_AT1,10.74735111462578,0.011603105798301074,0.396182902299226,0.011603105798301074
56548_AT1,17.30871575005807,-0.01933859104843133,0.6905221200098834,-0.01933859104843133
5860_AT1,12.842160384015592,-0.014349129849239717,4.475049895856395,-0.014349129849239717
9453_AT1,32.32431178023289,-0.004068735190503129,0.6360944262720483,-0.004068735190503129
9843_AT1,15.415177418070598,0.0021509870327291397,0.6105302998920986,0.0021509870327291397
2799_AT1,23.546186940121405,-0.010696661136326256,3.1296682386254164,-0.010696661136326256
10157_AT1,6.306438471379815,0.1613508939498879,0.6689128839944074,0.1613508939498879
118881_AT1,26.21902749133602,0.004373748779418621,0.637413718067063,0.004373748779418621
5211_AT1,7.515758500547667,-0.002179088893880677,0.2527358790304035,-0.002179088893880677
1491_AT1,15.575363628344125,0.02794456216870047,0.666531613979502,0.02794456216870047
2819_AT1,2.138875785749331,0.01168283821081248,0.08553852409941637,0.01168283821081248
3176_AT1,14.031824936107984,-0.004212477595152509,0.5164413278722478,-0.004212477595152509
1757_AT1,13.920159284813904,-0.006712100246804754,0.560025391993547,-0.006712100246804754
81537_AT1,25.14623104762755,-0.0009867767798778417,0.7149198323849268,-0.0009867767798778417
6652_AT1,20.424500590799248,0.014437495279367066,0.6429651975128805,0.014437495279367066
875_AT1,17.386404770223535,0.0006215338451470711,0.6915618566452075,0.0006215338451470711
6342_AT1,6.163080059070518,0.029079732448737478,0.18377625638184045,0.029079732448737478
249_AT1,10.58553315255825,0.12251703955499461,0.6440112512226565,0.12251703955499461
9056_AT1,1.2445225980184833,-0.0021767858298644164,-0.30922381643994107,-0.0021767858298644164
2762_AT1,21.16970712474339,0.0042407124141165846,0.6212617185312959,0.0042407124141165846
10558_AT1,4.598970564983875,0.005636231753701663,0.3350624348172825,0.005636231753701663
2643_AT1,22.874483057756137,0.011301769390414107,0.6104567947126311,0.011301769390414107
22934_AT1,0.3879282402094997,0.06674265210883357,-0.025099238490107447,2.7566549322236544
55304_AT1,4.598970564983875,0.005636231753701663,0.3350624348172825,0.005636231753701663
9517_AT1,4.598970564983875,0.005636231753701663,0.3350624348172825,0.005636231753701663
2098_AT1,11.028111995602435,0.007485146905537828,0.45131620254485966,0.007485146905537828
8879_AT1,15.777552023155941,0.028790151860148973,0.6139506277073579,0.028790151860148973
57571_AT1,13.636056091380956,0.007976745788097194,0.6499416502896771,0.007976745788097194
8869_AT1,24.853507762437122,0.03311888383999843,0.6469533351707737,0.03311888383999843
8833_AT1,25.365058583171013,0.013656614459169414,3.2122511869930523,0.013656614459169414
641371_AT1,13.363635042608317,0.016755142374144997,0.6518949106159501,0.016755142374144997
56848_AT1,24.900175723901626,0.001079319691811195,0.6847041448878177,0.001079319691811195
8877_AT1,23.1765037271309,-0.0003953932151221624,3.470696190754724,-0.0003953932151221624
3145_AT1,14.661896616072282,0.0013136505335564987,0.5261871300073617,0.0013136505335564987
586_AT1,5.991261814923993,0.007497047346604518,0.14405037322168612,0.007497047346604518
37_AT1,7.258213768279153,-0.0210501321980206,0.3732245123690441,-0.0210501321980206
33_AT1,16.614485081286013,-0.030845216267125237,0.5015304268780147,-0.030845216267125237
132158_AT1,10.73752056086579,0.020637975052063502,0.40235844752559186,0.020637975052063502
55512_AT1,24.69444558719493,-0.0008159005975578233,0.7315926428821542,-0.0008159005975578233
641649_AT1,10.596481201490736,0.09893608785820063,-1.609994329133633,120.76609355368286
4351_AT1,10.92171152750439,-0.001016705063856163,0.38460669442962764,-0.001016705063856163
23475_AT1,28.436674369590424,0.03759509913152204,0.6547589309381837,0.03759509913152204
6610_AT1,25.41763997120487,-0.005604760080021755,3.5406500709452,-0.005604760080021755
259230_AT1,24.21832751892392,0.05895534683949316,0.6758062030279889,0.05895534683949316
50484_AT1,0.5271514496681117,0.00036171812026052953,0.047975645288709366,0.00036171812026052953
65220_AT1,13.211416993868962,0.0030908547492495696,3.3076633693838895,0.0030908547492495696
6241_AT1,0.5198146797466755,-0.0009924346762778971,0.07668772840297064,-0.0009924346762778971
6240_AT1,0.5198146797466755,-0.0009924346762778971,0.07668772840297064,-0.0009924346762778971
3156_AT1,11.239256380361008,0.0198633513870524,0.39914706477441847,0.0198633513870524
2821_AT1,0.6943067042406726,0.009091785329166236,0.0072257780799241545,0.009091785329166236
10588_AT1,6.093010594233153,0.1379114257881402,0.1544834283908364,0.1379114257881402
26266_AT1,1.625973956333086,0.03074582557401549,-1.5566934353562074,9.785373648498584
84890_AT1,25.104337613769065,0.00899730198555977,0.6821197597258738,0.00899730198555977
55276_AT1,8.542764303583228,0.008184693803420476,0.34545338838171286,0.008184693803420476
6646_AT1,22.572542726544818,0.01063872090678021,0.6684035535503157,0.01063872090678021
6649_AT1,24.679302275849516,-0.05567875654076507,0.6359943659480701,-0.05567875654076507
6648_AT1,22.42183203466936,0.0034510030332886043,0.6957136059830298,0.0034510030332886043
6647_AT1,0.8594394359594532,0.009746146299090723,0.027242095089571244,0.009746146299090723
6697_AT1,16.423749889155523,0.021181439809950624,0.6465830108264687,0.021181439809950624
83594_AT1,2.2779143628057144,0.015406833761353848,0.04290774532829913,0.015406833761353848
7263_AT1,79.77502429443112,-0.007169475150251712,0.6683667180656252,-0.007169475150251712
26275_AT1,7.315824846848009,0.10709486102420664,0.21897801660991287,0.10709486102420664
6723_AT1,25.802476730644432,0.03284896037061923,0.6322047015967008,0.03284896037061923
6713_AT1,12.585141490188585,-0.011023774046515613,0.4838328138834676,-0.011023774046515613
2222_AT1,3.3305540687001716,0.4085350797441908,-0.25401372792246685,146.44216906416878
60490_AT1,17.77727073176923,0.027426714092502573,0.5627682673722072,0.027426714092502573
79717_AT1,17.77727073176923,0.027426714094590802,0.5627682673722072,0.027426714094590802
15_AT1,81.38976084805022,-8.359060823969099e-05,0.7100767894791135,-8.359060823969099e-05
7389_AT1,15.610731389399419,-0.003094257008096661,0.5290650912546326,-0.003094257008096661
58510_AT1,11.72042600951275,0.0007492670435340623,0.440066160498002,0.0007492670435340623
1595_AT1,15.927842534717408,-0.014497350595081617,0.486576193572369,-0.014497350595081617
6532_AT1,1.0366015447776933,-0.0032009007213810005,-0.05645807125829028,-0.0032009007213810005
10478_AT1,35.956591576244044,-0.050634447499685396,0.7935247269268569,-0.050634447499685396
23443_AT1,59.64392673604901,0.0020322582362123053,0.7028551973667261,0.0020322582362123053
64240_AT1,24.280515005815793,-0.0008159005975578233,0.7488297994682758,-0.0008159005975578233
64241_AT1,24.280515005815793,-0.0008159005975578233,0.7488297994682758,-0.0008159005975578233
284111_AT1,0.696664873444688,0.002213843233783474,-0.6389640819919374,0.2956873125838662
3988_AT1,8.410176234440016,0.010942694808109532,1.59944036527663,0.010942694808109532
55312_AT1,14.262458479642996,0.15782874297375904,0.7603395881238053,0.15782874297375904
6888_AT1,1.029066841352808,0.04277642004769963,-0.06196194180882465,4.66703055126526
79896_AT1,79.51109933839747,-0.010502180489558786,0.7091333421565773,-0.010502180489558786
10402_AT1,20.606430334643527,-0.054443641968940394,0.7056969260958393,-0.054443641968940394
27010_AT1,3.0234769197389344,0.010463228185169492,0.2903431253093954,0.010463228185169492
10610_AT1,19.601822095216406,-0.00794626285888194,1.8517703539979982,-0.00794626285888194
30815_AT1,17.326469065345737,0.021031912304813494,0.5015442268898579,0.021031912304813494
10057_AT1,13.49013437883407,-0.004408325262171776,0.629819635191268,-0.004408325262171776
6556_AT1,6.654051784180117,-0.005613640199272049,0.579341742524837,-0.005613640199272049
7390_AT1,22.192429014926795,-0.001614391618916852,0.5455410640759577,-0.001614391618916852
6568_AT1,24.280442068590883,-0.0008159005975578233,2.2226437288449645,-0.0008159005975578233
374569_AT1,25.4910988708797,0.01644819592536662,0.661643433954327,0.01644819592536662
7779_AT1,6.654051784180117,-0.005613640199313158,0.579341742524837,-0.005613640199313158
54020_AT1,25.309668987920457,0.0007061392588718148,0.6683747863081315,0.0007061392588718148
55191_AT1,1.872606259005251,0.02702422979306415,-0.04531953296616098,5.183046732827998
51005_AT1,13.76244780030699,0.0018519267427418646,0.6424733156262029,0.0018519267427418646
471_AT1,12.999378657529183,-0.009264766569749864,0.6500139414364475,-0.009264766569749864
435_AT1,15.293558655582682,-0.000552238198950601,0.5452415623175209,-0.000552238198950601
5471_AT1,16.503095561292053,0.007255805138115562,0.6163071638933783,0.007255805138115562
3034_AT1,22.763331860986447,0.022403349807186848,0.572218572935051,0.022403349807186848
144193_AT1,15.193446537040634,0.01770702278499616,0.5555292930213209,0.01770702278499616
2739_AT1,3.2800005888771464,-0.008184719977337683,0.3353735003087501,-0.008184719977337683
4953_AT1,26.95545585705035,0.024753250375332304,0.6104175274692385,0.024753250375332304
5198_AT1,16.503095561292053,0.007255805136534604,0.6163071638933783,0.007255805136534604
7298_AT1,14.481584237305157,-0.008357545509951313,0.5295161398599594,-0.008357545509951313
215_AT1,3.412014207626546,-0.002760003734462111,0.12889234279085662,-0.002760003734462111
5825_AT1,25.570420396168608,0.009545150007428884,0.6223917182630166,0.009545150007428884
9045_AT1,16.396872188800543,-0.036254896799562994,0.5936990555419134,-0.036254896799562994
4017_AT1,55.31537679458484,-0.0008159005975578233,3.8223500696147545,-0.0008159005975578233
4025_AT1,25.729477115007388,-0.0008159005975578233,4.327533126955281,-0.0008159005975578233
54995_AT1,22.194363371879824,0.000512153903109828,0.5884714006426,0.000512153903109828
93492_AT1,60.258504877807276,0.02598698424004262,0.6646317175188001,0.02598698424004262
1267_AT1,23.3320791841901,-0.0008159005975578233,0.7499759501327123,-0.0008159005975578233
10249_AT1,25.749594886207355,-0.004180710280829868,0.6133336310308454,-0.004180710280829868
1215_AT1,23.838714754287636,-0.0008159005975578233,0.6607617401329586,-0.0008159005975578233
7384_AT1,0.6254749382193604,0.014042773205864717,0.0010013303088668706,0.014042773205864717
7388_AT1,0.6254749382193604,0.014042773205864717,0.0010013303088668706,0.014042773205864717
7386_AT1,0.6254749382193604,0.014042773205864717,0.0010013303088668706,0.014042773205864717
7385_AT1,0.6254749382193604,0.014042773205864717,0.0010013303088668706,0.014042773205864717
1537_AT1,0.6254749382193604,0.014042773205864717,0.0010013303088668706,0.014042773205864717
4726_AT1,3.712968099578365,-0.022360114324155096,0.30863713159209155,-0.022360114324155096
4729_AT1,3.712968099578365,-0.022360114324155096,0.30863713159209155,-0.022360114324155096
4541_AT1,3.712968099578365,-0.022360114324155096,0.30863713159209155,-0.022360114324155096
4719_AT1,3.712968099578365,-0.022360114324155096,0.30863713159209155,-0.022360114324155096
4713_AT1,3.712968099578365,-0.022360114324155096,0.30863713159209155,-0.022360114324155096
4718_AT1,3.712968099578365,-0.022360114324155096,0.30863713159209155,-0.022360114324155096
126328_AT1,3.712968099578365,-0.022360114324155096,0.30863713159209155,-0.022360114324155096
4539_AT1,3.712968099578365,-0.022360114324155096,0.30863713159209155,-0.022360114324155096
4694_AT1,3.712968099578365,-0.022360114324155096,0.30863713159209155,-0.022360114324155096
4705_AT1,3.712968099578365,-0.022360114324155096,0.30863713159209155,-0.022360114324155096
4704_AT1,3.712968099578365,-0.022360114324155096,0.30863713159209155,-0.022360114324155096
4695_AT1,3.712968099578365,-0.022360114324155096,0.30863713159209155,-0.022360114324155096
4696_AT1,3.712968099578365,-0.022360114324155096,0.30863713159209155,-0.022360114324155096
4707_AT1,3.712968099578365,-0.022360114324155096,0.30863713159209155,-0.022360114324155096
4711_AT1,3.712968099578365,-0.022360114324155096,0.30863713159209155,-0.022360114324155096
4702_AT1,3.712968099578365,-0.022360114324155096,0.30863713159209155,-0.022360114324155096
4537_AT1,3.712968099578365,-0.022360114324155096,0.30863713159209155,-0.022360114324155096
4710_AT1,3.712968099578365,-0.022360114324155096,0.30863713159209155,-0.022360114324155096
4700_AT1,3.712968099578365,-0.022360114324155096,0.30863713159209155,-0.022360114324155096
4538_AT1,3.712968099578365,-0.022360114324155096,0.30863713159209155,-0.022360114324155096
4708_AT1,3.712968099578365,-0.022360114324155096,0.30863713159209155,-0.022360114324155096
4709_AT1,3.712968099578365,-0.022360114324155096,0.30863713159209155,-0.022360114324155096
4715_AT1,3.712968099578365,-0.022360114324155096,0.30863713159209155,-0.022360114324155096
4535_AT1,3.712968099578365,-0.022360114324155096,0.30863713159209155,-0.022360114324155096
131669_AT1,15.193446537040634,0.017707022784258637,0.5555292930213209,0.017707022784258637
5973_AT1,-0.8731352947772046,-0.0006324912201015843,0.6097523491323894,-0.0006324912201015843
4698_AT1,3.712968099578365,-0.022360114324155096,0.30863713159209155,-0.022360114324155096
55967_AT1,3.712968099578365,-0.022360114324155096,0.30863713159209155,-0.022360114324155096
4701_AT1,3.712968099578365,-0.022360114324155096,0.30863713159209155,-0.022360114324155096
4540_AT1,3.712968099578365,-0.022360114324155096,0.30863713159209155,-0.022360114324155096
1635_AT1,3.676913409370841,-0.011701416468476824,0.18353657808827123,-0.011701416468476824
4717_AT1,3.712968099578365,-0.022360114324155096,0.30863713159209155,-0.022360114324155096
374291_AT1,3.712968099578365,-0.022360114324155096,0.30863713159209155,-0.022360114324155096
4724_AT1,3.712968099578365,-0.022360114324155096,0.30863713159209155,-0.022360114324155096
4723_AT1,3.712968099578365,-0.022360114324155096,0.30863713159209155,-0.022360114324155096
51144_AT1,-0.6044342999879875,0.007290848771129556,0.4885943270762669,0.007290848771129556
25874_AT1,0.2502723143165671,0.034830117947330534,0.18657503986375476,0.034830117947330534
4720_AT1,3.712968099578365,-0.022360114324155096,0.30863713159209155,-0.022360114324155096
4697_AT1,3.712968099578365,-0.022360114324155096,0.30863713159209155,-0.022360114324155096
4728_AT1,3.712968099578365,-0.022360114324155096,0.30863713159209155,-0.022360114324155096
51660_AT1,0.2502723143165671,0.034830117947330534,0.18657503986375476,0.034830117947330534
4725_AT1,3.712968099578365,-0.022360114324155096,0.30863713159209155,-0.022360114324155096
4706_AT1,3.712968099578365,-0.022360114324155096,0.30863713159209155,-0.022360114324155096
5243_AT1,23.285354807063378,0.010991182531478043,0.6434886047251913,0.010991182531478043
9524_AT1,25.88867630503364,0.00046643280828878765,2.1491034798463513,0.00046643280828878765
7350_AT1,23.097379208567364,-0.021673184193007698,-0.13674189041061258,-0.021673184193007698
4716_AT1,3.712968099578365,-0.022360114324155096,0.30863713159209155,-0.022360114324155096
4536_AT1,3.712968099578365,-0.022360114324155096,0.30863713159209155,-0.022360114324155096
10058_AT1,21.873069134415914,-0.004200336551468331,0.6081531732537723,-0.004200336551468331
4714_AT1,3.712968099578365,-0.022360114324155096,0.30863713159209155,-0.022360114324155096
4722_AT1,3.712968099578365,-0.022360114324155096,0.30863713159209155,-0.022360114324155096
51079_AT1,3.712968099578365,-0.022360114324155096,0.30863713159209155,-0.022360114324155096
1339_AT1,0.5567317215940139,0.025486465722631264,-0.01975290104190958,1.4692555574434483
1728_AT1,23.418144305189504,-0.0036052151550842516,0.9226103515782932,-0.0036052151550842516
1345_AT1,0.5567317215940139,0.025486465722631264,-0.01975290104190958,1.4692555574434483
1329_AT1,0.5567317215940139,0.025486465722631264,-0.01975290104190958,1.4692555574434483
2946_AT1,24.219027268356086,-0.0008159005975578233,0.7217926280019613,-0.0008159005975578233
55331_AT1,63.33096587982053,-0.000897572317110423,3.515041916872187,-0.000897572317110423
341947_AT1,0.5567317215940139,0.025486465722631264,-0.01975290104190958,1.4692555574434483
125965_AT1,10.153577232108818,0.16695770136011065,-0.02643952680131136,169.9632197875039
1327_AT1,0.5567317215940139,0.025486465722631264,-0.01975290104190958,1.4692555574434483
4513_AT1,10.153577232108818,0.16695770136011065,-0.02643952680131136,169.9632197875039
2760_AT1,17.039349860488112,0.017216165430994752,0.4783606772801425,0.017216165430994752
1346_AT1,10.153577232108818,0.16695770136011065,-0.02643952680131136,169.9632197875039
5660_AT1,20.863310434908765,0.0013955653205606868,0.7124072962596948,0.0013955653205606868
57704_AT1,12.802493784068664,0.024061817839811154,0.5239027081177711,0.024061817839811154
4759_AT1,25.73213033525807,-0.01113767028071403,0.7839069404562853,-0.01113767028071403
1347_AT1,0.5567317215940139,0.025486465722631264,-0.01975290104190958,1.4692555574434483
139596_AT1,6.133083408909668,0.004179688917932353,0.16495535773464634,0.004179688917932353
1337_AT1,0.5567317215940139,0.025486465722631264,-0.01975290104190958,1.4692555574434483
4514_AT1,10.153577232108818,0.16695770136011065,-0.02643952680131136,169.9632197875039
10825_AT1,12.094783198458273,-0.018923045169340656,1.2467990975598944,-0.018923045169340656
7903_AT1,25.898876674863452,-0.03309118033699326,0.6979604860774145,-0.03309118033699326
1351_AT1,0.5567317215940139,0.025486465722631264,-0.01975290104190958,1.4692555574434483
84701_AT1,10.153577232108818,0.16695770136011065,-0.02643952680131136,169.9632197875039
1350_AT1,0.5567317215940139,0.025486465722631264,-0.01975290104190958,1.4692555574434483
4512_AT1,10.153577232108818,0.16695770136011065,-0.02643952680131136,169.9632197875039
8041_AT1,16.687833786461706,0.012016321606043047,0.6667810905991313,0.012016321606043047
58478_AT1,23.76651689453161,-0.4052140285058124,2.135155474731822,-0.4052140285058124
55256_AT1,23.76651689453161,-0.4052140285104557,2.135155474731822,-0.4052140285104557
170712_AT1,0.5567317215940139,0.025486465722631264,-0.01975290104190958,1.4692555574434483
259307_AT1,14.256461946341505,-0.008855270228767026,0.6767420725217929,-0.008855270228767026
9377_AT1,0.5567317215940139,0.025486465722631264,-0.01975290104190958,1.4692555574434483
9167_AT1,10.153577232108818,0.16695770136011065,-0.02643952680131136,169.9632197875039
1340_AT1,0.5567317215940139,0.025486465722631264,-0.01975290104190958,1.4692555574434483
1349_AT1,0.5567317215940139,0.025486465722631264,-0.01975290104190958,1.4692555574434483
9562_AT1,15.581075746937623,-0.003420127748620275,0.647593352672399,-0.003420127748620275
3705_AT1,76.29118929853169,-0.0017537423463176752,-0.14525350404288923,-0.0017537423463176752
84274_AT1,23.16521926764515,-0.00281646111357989,0.6281569560231771,-0.00281646111357989
55750_AT1,18.17866550022517,0.06492699284255699,2.0884974058897474,0.06492699284255699
57171_AT1,23.652711868227417,-0.0008159005975578233,5.655788530154785,-0.0008159005975578233
4249_AT1,24.261573991590552,-0.004011034538444131,3.490713603919942,-0.004011034538444131
25834_AT1,24.261573991590552,-0.004011034538444131,3.490713603919942,-0.004011034538444131
26007_AT1,24.92263903972619,0.04736715601484997,0.6451724537878301,0.04736715601484997
158584_AT1,25.477549806706595,-0.005867240436293613,0.762379097063458,-0.005867240436293613
283209_AT1,18.067301156119914,-0.00015113727851672867,1.978999653192993,-0.00015113727851672867
1208_AT1,15.938583726651428,-0.0008159005975578233,0.6837101069197343,-0.0008159005975578233
345274_AT1,24.760489073523082,-0.0008159005975578233,0.7960393025382632,-0.0008159005975578233
116085_AT1,60.90818193087977,-0.0008159005975578233,0.6596919124655076,-0.0008159005975578233
123688_AT1,13.621751877196862,-0.03130445539107444,0.5765074788287667,-0.03130445539107444
51228_AT1,13.65934647500089,0.02973087903860967,0.5022145996390974,0.02973087903860967
133121_AT1,6.119865206145807,0.0044749400464657065,0.44161875266067,0.0044749400464657065
85007_AT1,13.621751877196862,-0.031304455390420836,0.5765074788287667,-0.031304455390420836
8644_AT1,1.045237935883557,0.0012223911220479464,0.06999208325128224,0.0012223911220479464
10941_AT1,21.487498047804728,-0.0008159005975578233,0.7295150248016438,-0.0008159005975578233
5446_AT1,0.9230757500461259,0.013683497717425191,0.1331060753119601,0.013683497717425191
506_AT1,0.5620370581149647,0.015109368500368361,-0.009134480014094466,0.8630041246514153
10632_AT1,0.5620370581149647,0.015109368500368361,-0.009134480014094466,0.8630041246514153
539_AT1,0.5620370581149647,0.015109368500368361,-0.009134480014094466,0.8630041246514153
27109_AT1,0.5620370581149647,0.015109368500368361,-0.009134480014094466,0.8630041246514153
4905_AT1,0.5620370581149647,0.015109368500368361,-0.009134480014094466,0.8630041246514153
521_AT1,0.5620370581149647,0.015109368500368361,-0.009134480014094466,0.8630041246514153
267020_AT1,0.5620370581149647,0.015109368500368361,-0.009134480014094466,0.8630041246514153
27089_AT1,0.6254749382193604,0.014042773205864717,0.0010013303088668706,0.014042773205864717
10975_AT1,0.6254749382193604,0.014042773205864717,0.0010013303088668706,0.014042773205864717
7381_AT1,0.6254749382193604,0.014042773205864717,0.0010013303088668706,0.014042773205864717
4519_AT1,0.6254749382193604,0.014042773205864717,0.0010013303088668706,0.014042773205864717
